question,answer,source_page,source_title
What is Vizcom?,Vizcom is an AI design platform for product designers and creative teams that helps bring ideas to life.,https://vizcom.com,"Vizcom | Turn Sketches into Full-Fidelity 3D Renders, Instantly"
How do I get started with Vizcom?,"You can get started with Vizcom by booking a demo or signing up for the starter plan, which is completely free and requires no credit card.",https://vizcom.com,"Vizcom | Turn Sketches into Full-Fidelity 3D Renders, Instantly"
"What is the difference between Admin, Editor, and Viewer roles in Vizcom?","Admins can edit files, manage settings, and invite members, while Editors can only edit files. Viewers can only view files in read-only mode and are free.",https://vizcom.com,"Vizcom | Turn Sketches into Full-Fidelity 3D Renders, Instantly"
Can I use Vizcom for free?,"Yes, Vizcom offers a free starter plan with no credit card required, allowing you to explore the platform's features.",https://vizcom.com,"Vizcom | Turn Sketches into Full-Fidelity 3D Renders, Instantly"
How does Vizcom handle team billing?,"Team billing is handled centrally by the Admin, with all paid seats included in a single invoice under the same billing cycle, while Viewers remain free and do not affect the cost.",https://vizcom.com,"Vizcom | Turn Sketches into Full-Fidelity 3D Renders, Instantly"
Do I own the content I produce in Vizcom?,"Yes, you own everything you create in Vizcom, and for paid users, your images and designs remain entirely private and are only used to deliver the service.",https://vizcom.com,"Vizcom | Turn Sketches into Full-Fidelity 3D Renders, Instantly"
Can Vizcom be used to animate objects?,"Yes, Vizcom allows you to add motion to your objects by animating them, and you can also direct your story using the Animate feature.",https://vizcom.com,"Vizcom | Turn Sketches into Full-Fidelity 3D Renders, Instantly"
What payment methods are accepted by Vizcom?,Vizcom accepts all major credit and debit cards for payment.,https://vizcom.com,"Vizcom | Turn Sketches into Full-Fidelity 3D Renders, Instantly"
What values does Vizcom follow in its work culture?,"Vizcom's values include Think In Decades, Act In Days, Be Obsessed With 'What If', Celebrate Individuality, Communicate Through Action, and Run Fast With Good Form.",https://vizcom.com/careers,Careers at Vizcom | Join Us in Building the Future of Design
How does Vizcom support the financial health of its employees?,Vizcom supports the financial health of its employees through equity ownership in Vizcom and a 401(k) with an employer match.,https://vizcom.com/careers,Careers at Vizcom | Join Us in Building the Future of Design
What benefits does Vizcom offer to its employees?,"Vizcom offers benefits such as 100% employer-sponsored medical benefits, dental, vision, and mental health support, as well as flexibility in working hours and a generous learning and development allowance.",https://vizcom.com/careers,Careers at Vizcom | Join Us in Building the Future of Design
Can I work remotely at Vizcom?,"Yes, Vizcom has a hybrid culture with flexible working hours, allowing employees to work remotely or in the office.",https://vizcom.com/careers,Careers at Vizcom | Join Us in Building the Future of Design
What kind of people is Vizcom looking to hire?,"Vizcom is looking for people who are builders at heart, craft-obsessed, growth-minded, and owners, not renters, who take responsibility for outcomes.",https://vizcom.com/careers,Careers at Vizcom | Join Us in Building the Future of Design
How does Vizcom support the learning and development of its employees?,"Vizcom supports the learning and development of its employees through a generous L&D allowance that resets annually, which can be used for conferences, courses, and books.",https://vizcom.com/careers,Careers at Vizcom | Join Us in Building the Future of Design
What is the work environment like at Vizcom?,"The work environment at Vizcom is described as a high-trust, low-ego, and supportive environment where employees can do their best work.",https://vizcom.com/careers,Careers at Vizcom | Join Us in Building the Future of Design
How does Vizcom approach problem-solving and innovation?,"Vizcom approaches problem-solving and innovation by being obsessed with 'what if' and challenging assumptions to dream up better ways, with curiosity as their superpower.",https://vizcom.com/careers,Careers at Vizcom | Join Us in Building the Future of Design
What is the duration of a Vizcom demo?,A Vizcom demo is 30 minutes long. It's kept focused and respects your time.,https://vizcom.com/contact,Request a Demo | See Vizcom in Action
Will the Vizcom demo be a sales pitch?,"No, the demo is not a sales pitch. It's an opportunity to see how Vizcom works, get your questions answered honestly, and determine if it's the right fit for you.",https://vizcom.com/contact,Request a Demo | See Vizcom in Action
Can I see Vizcom features specific to my industry during the demo?,"Yes, you can see features specific to your industry. The demo is tailored to what matters most to you, based on your industry and use case.",https://vizcom.com/contact,Request a Demo | See Vizcom in Action
What happens if I'm not ready to buy Vizcom after the demo?,"That's completely fine. The demo is about education, not commitment. You can book a demo just to understand how Vizcom works before making any decisions.",https://vizcom.com/contact,Request a Demo | See Vizcom in Action
Who will run the Vizcom demo?,"The demo will be run by someone from the product expert or sales team who knows Vizcom inside and out and can answer technical, implementation, and pricing questions.",https://vizcom.com/contact,Request a Demo | See Vizcom in Action
Can I bring my team to the Vizcom demo?,"Yes, you can bring your team to the demo. It's actually encouraged, as the more perspectives, the better the conversation.",https://vizcom.com/contact,Request a Demo | See Vizcom in Action
What happens after the Vizcom demo?,"If Vizcom feels like a fit, a trial can be set up for your team right away. If not, there are no hard feelings, and the team is there to help you find the right solution, even if it's not Vizcom.",https://vizcom.com/contact,Request a Demo | See Vizcom in Action
Why should I book a demo with Vizcom?,"Booking a demo with Vizcom allows you to see the platform in action, tailored to your specific needs and industry, and helps you determine if it's the right fit for you and your team.",https://vizcom.com/contact,Request a Demo | See Vizcom in Action
What is Vizcom Enterprise?,"Vizcom Enterprise is a design platform for teams building real products, allowing them to stay aligned, move faster, and build together.",https://vizcom.com/enterprise,Vizcom Enterprise | Design Platform for Teams Building Real Products
How do I get started with Vizcom Enterprise?,You can get started with Vizcom Enterprise by booking a demo or learning more about the platform on the Vizcom website.,https://vizcom.com/enterprise,Vizcom Enterprise | Design Platform for Teams Building Real Products
What security measures does Vizcom Enterprise have in place?,"Vizcom Enterprise has enterprise-grade security, compliant with ISO 27001 and SOC 2, verified through independent security testing, and utilizes advanced encryption and strict access controls.",https://vizcom.com/enterprise,Vizcom Enterprise | Design Platform for Teams Building Real Products
Can Vizcom Enterprise help reduce design timelines?,"Yes, Vizcom Enterprise can help cut design timelines by up to 40% by accelerating design exploration, alignment, and review on a single platform.",https://vizcom.com/enterprise,Vizcom Enterprise | Design Platform for Teams Building Real Products
What is the difference between using Vizcom Enterprise and other design tools?,"Vizcom Enterprise consolidates sketching, rendering, and review into one streamlined platform, reducing the need for multiple tools and associated costs.",https://vizcom.com/enterprise,Vizcom Enterprise | Design Platform for Teams Building Real Products
How does Vizcom Enterprise support collaboration across teams?,"Vizcom Enterprise supports collaboration across teams by providing shared visuals and centralized feedback, helping distributed teams stay aligned.",https://vizcom.com/enterprise,Vizcom Enterprise | Design Platform for Teams Building Real Products
Why does Vizcom Enterprise ensure content ownership?,"Vizcom Enterprise ensures content ownership by guaranteeing that your sketches, renders, and models are yours and will never be trained on or reused.",https://vizcom.com/enterprise,Vizcom Enterprise | Design Platform for Teams Building Real Products
What types of industries can Vizcom Enterprise support?,"Vizcom Enterprise can support various industries, including industrial design, footwear, gaming, automotive, and apparel, among others.",https://vizcom.com/enterprise,Vizcom Enterprise | Design Platform for Teams Building Real Products
What is Vizcom's pricing model?,"Vizcom offers flexible pricing for creators, professionals, and organizations, with plans that include a free starter plan, a professional plan at $49 per user/month, and an enterprise plan with custom pricing.",https://vizcom.com/pricing,"Vizcom Pricing | Plans for Designers, Teams, & Students"
How do I get started with Vizcom for free?,"You can get started with Vizcom for free by signing up for the starter plan, which is completely free and does not require a credit card.",https://vizcom.com/pricing,"Vizcom Pricing | Plans for Designers, Teams, & Students"
What is the difference between the Professional and Enterprise plans?,"The Professional plan includes 20,000 credits, priority render queue, and multi-image generation, while the Enterprise plan includes highest usage, fastest renders, unlimited seats and teams, and custom AI models.",https://vizcom.com/pricing,"Vizcom Pricing | Plans for Designers, Teams, & Students"
Can I use Vizcom for free and still own the content I produce?,"Yes, you own everything you create in Vizcom, even on the free plan, although Vizcom may use generated images to improve its services.",https://vizcom.com/pricing,"Vizcom Pricing | Plans for Designers, Teams, & Students"
How does team billing work in Vizcom?,"Team billing is handled centrally by the Admin, with all paid seats included in a single invoice under the same billing cycle, while Viewers remain free and do not affect the cost.",https://vizcom.com/pricing,"Vizcom Pricing | Plans for Designers, Teams, & Students"
What payment methods can I use to pay for Vizcom?,Vizcom accepts all major credit and debit cards.,https://vizcom.com/pricing,"Vizcom Pricing | Plans for Designers, Teams, & Students"
Can I change my subscription from monthly to yearly?,"Yes, you can change your subscription from monthly to yearly, and the switch will take effect on the next billing cycle at the annual rate, which saves 30%.",https://vizcom.com/pricing,"Vizcom Pricing | Plans for Designers, Teams, & Students"
Does Vizcom use my data to train AI models if I'm on a paid plan?,"No, Vizcom does not use your data to train AI models if you're on a paid plan, and everything you create stays private and is only used to provide the service.",https://vizcom.com/pricing,"Vizcom Pricing | Plans for Designers, Teams, & Students"
What is Vizcom for Apparel Design?,"Vizcom for Apparel Design is a platform that helps apparel teams visualize garments, explore materials and colorways, and collaborate in real time, from first sketch to final approval.",https://vizcom.com/solutions/apparel,Vizcom for Apparel Design | Visualize Garments & Collections
How does Vizcom accelerate the apparel design workflow?,"Vizcom accelerates the apparel design workflow by allowing designers to visualize silhouettes and materials instantly, generate realistic garments, and update design changes live as they sketch.",https://vizcom.com/solutions/apparel,Vizcom for Apparel Design | Visualize Garments & Collections
"What is the difference between Admin, Editor, and Viewer roles in Vizcom?","Admins can edit files, manage workspace settings, billing, teams, and invite members. Editors can edit files but not manage settings, billing, or teams. Viewers can only view files in read-only mode.",https://vizcom.com/solutions/apparel,Vizcom for Apparel Design | Visualize Garments & Collections
Can I use Vizcom for free?,"Yes, Vizcom has a starter plan that is completely free, with no credit card required, allowing users to explore the platform.",https://vizcom.com/solutions/apparel,Vizcom for Apparel Design | Visualize Garments & Collections
How does team billing work in Vizcom?,"Team billing is handled centrally by the Admin, with all paid seats included in a single invoice under the same billing cycle, while Viewers remain free and do not affect the cost.",https://vizcom.com/solutions/apparel,Vizcom for Apparel Design | Visualize Garments & Collections
Does Vizcom use my data to train AI models?,"For paid users, Vizcom does not use their data to train AI models, and all created content remains private. For free users, generated images may be used to improve Vizcom's services, but users retain full rights to their designs and concepts.",https://vizcom.com/solutions/apparel,Vizcom for Apparel Design | Visualize Garments & Collections
Can I change my subscription from monthly to yearly?,"Yes, an Admin can update the plan in the billing settings, and the switch will take effect on the next billing cycle at the annual rate.",https://vizcom.com/solutions/apparel,Vizcom for Apparel Design | Visualize Garments & Collections
Do I own the content I produce in Vizcom?,"Yes, users own everything they create in Vizcom, with free users retaining full rights to their designs, concepts, and original ideas, and paid users having their images and designs remain entirely private and confidential.",https://vizcom.com/solutions/apparel,Vizcom for Apparel Design | Visualize Garments & Collections
What is Vizcom for Automotive Design?,"Vizcom is a platform that helps automotive teams explore forms, evaluate surfaces, and align from early sketches to production-ready visuals. It streamlines early-stage automotive ideation and review with rapid visualization.",https://vizcom.com/solutions/automotive,Vizcom for Automotive Design | Sketch to Studio-Quality Render
How does Vizcom simplify the design process?,"Vizcom simplifies the design process by keeping concepts flexible, reducing iteration drag, extending creative exploration, and simplifying tool workflows. This allows teams to explore more ideas before locking direction and to produce clean, presentation-ready visuals with minimal setup.",https://vizcom.com/solutions/automotive,Vizcom for Automotive Design | Sketch to Studio-Quality Render
Can I use Vizcom for free?,"Yes, Vizcom offers a starter plan that is completely free, with no credit card required. This plan allows users to explore Vizcom's features and capabilities.",https://vizcom.com/solutions/automotive,Vizcom for Automotive Design | Sketch to Studio-Quality Render
"What is the difference between Admin, Editor, and Viewer roles in Vizcom?","Admins can edit files, manage workspace settings, billing, teams, and invite members. Editors can edit files but not manage settings, billing, or teams. Viewers can only view files in read-only mode and are free.",https://vizcom.com/solutions/automotive,Vizcom for Automotive Design | Sketch to Studio-Quality Render
How does team billing work in Vizcom?,"Team billing is handled centrally by the Admin, with all paid seats included in a single invoice under the same billing cycle, while Viewers remain free and do not affect the cost.",https://vizcom.com/solutions/automotive,Vizcom for Automotive Design | Sketch to Studio-Quality Render
Can I change my subscription from monthly to yearly?,"Yes, an Admin can update the plan in the billing settings, and the switch will take effect on the next billing cycle at the annual rate.",https://vizcom.com/solutions/automotive,Vizcom for Automotive Design | Sketch to Studio-Quality Render
Do I own the content I produce in Vizcom?,"Yes, you own everything you create in Vizcom. For free users, Vizcom may use generated images to improve its services, but it does not claim ownership of your designs, concepts, or original ideas. For paid users, your images and designs remain entirely private and are only used to deliver the service.",https://vizcom.com/solutions/automotive,Vizcom for Automotive Design | Sketch to Studio-Quality Render
Does Vizcom use my data to train AI models?,"Vizcom does not use your data to train AI models if you’re on a paid plan. For free users, Vizcom may use generated images to help improve its services, but it does not claim ownership of your designs, concepts, or original ideas.",https://vizcom.com/solutions/automotive,Vizcom for Automotive Design | Sketch to Studio-Quality Render
What is Vizcom for Footwear Design?,"Vizcom empowers footwear design teams to visualize and communicate footwear designs instantly, without complex software.",https://vizcom.com/solutions/footwear,Vizcom for Footwear Design | Render Sneakers & Products Instantly
How do I get started with Vizcom?,"You can get started with Vizcom by booking a demo or signing up for the free starter plan, which requires no credit card.",https://vizcom.com/solutions/footwear,Vizcom for Footwear Design | Render Sneakers & Products Instantly
"What is the difference between Admins, Editors, and Viewers in Vizcom?","Admins can edit files, manage settings, and invite members, while Editors can only edit files. Viewers can only view files in read-only mode and are free.",https://vizcom.com/solutions/footwear,Vizcom for Footwear Design | Render Sneakers & Products Instantly
Can I use Vizcom for free?,"Yes, Vizcom offers a free starter plan that allows you to explore its features without requiring a credit card.",https://vizcom.com/solutions/footwear,Vizcom for Footwear Design | Render Sneakers & Products Instantly
How does Vizcom handle team billing?,"Team billing is handled centrally by the Admin, with all paid seats included in a single invoice under the same billing cycle, while Viewers remain free.",https://vizcom.com/solutions/footwear,Vizcom for Footwear Design | Render Sneakers & Products Instantly
Do I own the content I produce in Vizcom?,"Yes, you own everything you create in Vizcom, and for paid users, your images and designs remain entirely private and are only used to deliver the service.",https://vizcom.com/solutions/footwear,Vizcom for Footwear Design | Render Sneakers & Products Instantly
Can Vizcom help with color exploration?,"Yes, Vizcom allows you to explore color and finish in seconds, enabling you to experiment with blocking, finishes, and palettes instantly.",https://vizcom.com/solutions/footwear,Vizcom for Footwear Design | Render Sneakers & Products Instantly
Why does Vizcom use AI rendering?,"Vizcom uses photoreal AI rendering to help designers visualize their ideas faster and more accurately, turning sketches into lifelike footwear concepts in seconds.",https://vizcom.com/solutions/footwear,Vizcom for Footwear Design | Render Sneakers & Products Instantly
What is Vizcom used for in game design?,"Vizcom is used to visualize concepts, environments, and characters in real time, from first sketch to cinematic-ready render, helping game studios to scale creative speed across their studio.",https://vizcom.com/solutions/gaming,Vizcom for Game Design | Scale Virtual Worlds & Character Design in Real Time
How does Vizcom help with character designing?,"Vizcom helps with character designing by allowing developers to iterate on silhouettes, armor, and materials with any range of art styles from the start, and generate film-quality visuals in seconds.",https://vizcom.com/solutions/gaming,Vizcom for Game Design | Scale Virtual Worlds & Character Design in Real Time
"What is the difference between Admin, Editor, and Viewer roles in Vizcom?","Admins can edit files, manage workspace settings, billing, teams, and invite members, while Editors can edit files but not manage settings, billing, or teams, and Viewers can only view files in read-only mode.",https://vizcom.com/solutions/gaming,Vizcom for Game Design | Scale Virtual Worlds & Character Design in Real Time
Can I use Vizcom for free?,"Yes, Vizcom offers a starter plan that is completely free, with no credit card required, allowing users to explore the platform's features.",https://vizcom.com/solutions/gaming,Vizcom for Game Design | Scale Virtual Worlds & Character Design in Real Time
How does team billing work in Vizcom?,"Team billing is handled centrally by the Admin, with all paid seats included in a single invoice under the same billing cycle, while Viewers remain free and do not affect the cost.",https://vizcom.com/solutions/gaming,Vizcom for Game Design | Scale Virtual Worlds & Character Design in Real Time
Do I own the content I produce in Vizcom?,"Yes, you own everything you create in Vizcom, with free users retaining full rights to their designs, concepts, and original ideas, and paid users having their images and designs remain entirely private and confidential.",https://vizcom.com/solutions/gaming,Vizcom for Game Design | Scale Virtual Worlds & Character Design in Real Time
Can I change my subscription from monthly to yearly?,"Yes, an Admin can update the plan in the billing settings, and the switch will take effect on the next billing cycle at the annual rate.",https://vizcom.com/solutions/gaming,Vizcom for Game Design | Scale Virtual Worlds & Character Design in Real Time
Does Vizcom use my data to train AI models?,"Vizcom does not use your data to train AI models if you’re on a paid plan, but free users may have their generated images included to help improve Vizcom’s services, without claiming ownership of their designs, concepts, or original ideas.",https://vizcom.com/solutions/gaming,Vizcom for Game Design | Scale Virtual Worlds & Character Design in Real Time
What is Vizcom used for in industrial design?,"Vizcom is used to explore form, refine function, and support scaling design workflows with clear visuals and streamlined collaboration in industrial design.",https://vizcom.com/solutions/industrial-design,Vizcom for Industrial Design | Sketch to Render in Seconds
How does Vizcom simplify the design process?,"Vizcom simplifies the design process by lowering tool overhead, reducing tool complexity, and centralizing the design process, making it easier for designers to work together and produce high-quality visuals.",https://vizcom.com/solutions/industrial-design,Vizcom for Industrial Design | Sketch to Render in Seconds
"What is the difference between Admin, Editor, and Viewer roles in Vizcom?","Admins can edit files, manage settings, and invite members, while Editors can edit files but not manage settings. Viewers can only view files in read-only mode and are free.",https://vizcom.com/solutions/industrial-design,Vizcom for Industrial Design | Sketch to Render in Seconds
Can I use Vizcom for free?,"Yes, Vizcom offers a free starter plan with no credit card required, allowing users to explore the platform's features.",https://vizcom.com/solutions/industrial-design,Vizcom for Industrial Design | Sketch to Render in Seconds
How does team billing work in Vizcom?,"Team billing is handled centrally by the Admin, with all paid seats included in a single invoice under the same billing cycle, while Viewers remain free and do not affect the cost.",https://vizcom.com/solutions/industrial-design,Vizcom for Industrial Design | Sketch to Render in Seconds
Do I own the content I produce in Vizcom?,"Yes, you own everything you create in Vizcom, with full rights to your designs, concepts, and original ideas, whether you're a free or paid user.",https://vizcom.com/solutions/industrial-design,Vizcom for Industrial Design | Sketch to Render in Seconds
Can I change my subscription from monthly to yearly?,"Yes, an Admin can update the plan in the billing settings, and the switch will take effect on the next billing cycle at the annual rate.",https://vizcom.com/solutions/industrial-design,Vizcom for Industrial Design | Sketch to Render in Seconds
Does Vizcom use my data to train AI models?,"Vizcom does not use your data to train AI models if you're on a paid plan, but free users may have their generated images used to improve Vizcom's services, without claiming ownership of your designs or concepts.",https://vizcom.com/solutions/industrial-design,Vizcom for Industrial Design | Sketch to Render in Seconds
What is Vizcom University?,"Vizcom University appears to be a resource for learning about Vizcom, with categories such as Teams, Courses, and Webinars.",https://vizcom.com/university-categories/teams,Teams | Vizcom University
What topics are covered in the Vizcom Webinar: Studio Refresh Overview + Modify Deep Dive?,"The webinar covers the latest updates to Vizcom Studio, how to use Modify with confidence in real design workflows, and how to apply Modify effectively for faster, more precise design iteration.",https://vizcom.com/university-categories/teams,Teams | Vizcom University
How can I stay up to date with new content on Vizcom University?,"You can stay up to date by submitting a form to get notified when new courses, videos, tool tips, and more go live on Vizcom University.",https://vizcom.com/university-categories/teams,Teams | Vizcom University
What is the Studio Refresh in Vizcom Studio?,"The Studio Refresh refers to the latest updates made to Vizcom Studio, the details of which are explored in the Vizcom Webinar: Studio Refresh Overview + Modify Deep Dive.",https://vizcom.com/university-categories/teams,Teams | Vizcom University
Can I access the Vizcom Webinar: Studio Refresh Overview + Modify Deep Dive on demand?,"Yes, the Vizcom Webinar: Studio Refresh Overview + Modify Deep Dive is available on demand.",https://vizcom.com/university-categories/teams,Teams | Vizcom University
Why is the Studio Refresh in Vizcom Studio important?,"The changes in the Studio Refresh matter, although the specific reasons why are not detailed in the provided content, they are discussed in the Vizcom Webinar.",https://vizcom.com/university-categories/teams,Teams | Vizcom University
How do I learn about Modify in Vizcom Studio?,"You can learn about Modify in Vizcom Studio by watching the Vizcom Webinar: Studio Refresh Overview + Modify Deep Dive, which covers how to use Modify with confidence in real design workflows.",https://vizcom.com/university-categories/teams,Teams | Vizcom University
What is Modify in the context of Vizcom Studio?,"Modify is a feature in Vizcom Studio that can be used for faster, more precise design iteration, although its exact functionality and details are not fully explained in the provided content.",https://vizcom.com/university-categories/teams,Teams | Vizcom University
What is Vizcom Plugins and how does it work?,"Vizcom Plugins is a feature that allows users to push 3D models from Vizcom into other software like Autodesk Fusion, or bring models back into Vizcom to continue iterating, creating a live creative loop between ideation and engineering.",https://vizcom.com/blog,Vizcom Blog | Design Insights & Product Updates
How can I turn a photo into a 3D model using Vizcom?,"You can turn a photo into a 3D model using photogrammetry, AI tools, and camera setup best practices, as outlined in Vizcom's designer's guide.",https://vizcom.com/blog,Vizcom Blog | Design Insights & Product Updates
What is the difference between Vizcom's New View experience and Free View camera controls?,"Free View improves Vizcom's New View experience with clearer camera control, allowing users to separate rotation and tilt to generate consistent views faster.",https://vizcom.com/blog,Vizcom Blog | Design Insights & Product Updates
Can Vizcom help with design workflow optimization?,"Yes, Vizcom provides tips and techniques for design workflow optimization, including mapping and fixing your current process to cut rendering time and ship better designs faster.",https://vizcom.com/blog,Vizcom Blog | Design Insights & Product Updates
Why is it important to document and present the behind-the-scenes design process?,"Documenting and presenting the behind-the-scenes design process, including the 'messy middle', can improve your design portfolio and provide valuable insight into your design thinking and process.",https://vizcom.com/blog,Vizcom Blog | Design Insights & Product Updates
How can distributed physical product design teams collaborate effectively using Vizcom?,"Distributed physical product design teams can collaborate effectively using Vizcom by utilizing the right tools and techniques, such as remote design collaboration and design workflow integration.",https://vizcom.com/blog,Vizcom Blog | Design Insights & Product Updates
What is the credits system in Vizcom and how does it work?,"The credits system in Vizcom provides a single balance to power your entire creative workflow, with the flexibility to grow as your projects demand, allowing for expanded creative capacity.",https://vizcom.com/blog,Vizcom Blog | Design Insights & Product Updates
What is Adaptive Canvas in Vizcom and what are its benefits?,"Adaptive Canvas in Vizcom removes fixed aspect ratio limits, allowing creators to resize, expand, and crop their canvas at any point without restarting or losing work, providing more flexibility and efficiency in the design process.",https://vizcom.com/blog,Vizcom Blog | Design Insights & Product Updates
What is the Vizcom Challenge?,The Vizcom Challenge is a monthly design competition where designers from around the world reimagine everyday objects.,https://vizcom.com/challenges,Vizcom Challenges | Design Competitions with Real-World Products
How do I participate in the Vizcom Challenge?,"To participate, read the challenge brief, create your design in Vizcom, refine it, and then submit your work to share your vision with the community.",https://vizcom.com/challenges,Vizcom Challenges | Design Competitions with Real-World Products
What is the current featured challenge on Vizcom?,"The current featured challenge is the Cork Design Challenge, which is hosted in partnership with Corkway and focuses on designing with cork in various spaces.",https://vizcom.com/challenges,Vizcom Challenges | Design Competitions with Real-World Products
Can I get notified about new challenges on Vizcom?,"Yes, you can sign up to get notified when new challenges launch, see winning designs, and stay inspired, with a monthly email update.",https://vizcom.com/challenges,Vizcom Challenges | Design Competitions with Real-World Products
What are the key dates for the Cork Design Challenge?,"The challenge kicked off on May 25, 2026, the deadline for submission is June 8, 2026, and the winners will be announced on June 23, 2026.",https://vizcom.com/challenges,Vizcom Challenges | Design Competitions with Real-World Products
What is the focus of the Cork Design Challenge?,"The challenge encourages designers to think creatively about cork's versatility, including its sustainability, texture, durability, and acoustic qualities.",https://vizcom.com/challenges,Vizcom Challenges | Design Competitions with Real-World Products
Are there past challenges available to view on Vizcom?,"Yes, Vizcom has a section for past challenges, including the Zellerfeld Mule Design Challenge, Viztober, and the Birdhouse Challenge, among others.",https://vizcom.com/challenges,Vizcom Challenges | Design Competitions with Real-World Products
What happens to the winning designs in the Vizcom Challenge?,"The winning designs have the chance to be manufactured and shipped to the designers, as stated in the challenge participation process.",https://vizcom.com/challenges,Vizcom Challenges | Design Competitions with Real-World Products
What happens after I submit my application?,"After submitting your application, it will be reviewed and most applications are approved within 24-72 hours. You'll get an email as soon as your status has been verified.",https://vizcom.com/challenges-submission,Challenges Submission
How do I know if my application has been received?,"You will receive a confirmation email after submitting your application. If you don't see it, make sure to check your spam folder.",https://vizcom.com/challenges-submission,Challenges Submission
What should I do if I haven't received a confirmation email?,"If you don't see the confirmation email, check your spam folder. If you're still having issues, you can email education@vizcom.com for help.",https://vizcom.com/challenges-submission,Challenges Submission
Can I get help with the application process?,"Yes, you can email education@vizcom.com for help with the application process or any other questions you may have.",https://vizcom.com/challenges-submission,Challenges Submission
What's the difference between submitting an application and uploading a design?,"Submitting an application is the first step in the process, while uploading a design is a separate step where you can share your concept and design work.",https://vizcom.com/challenges-submission,Challenges Submission
How do I upload my design?,You can upload your design and tell us about your concept through the submission process on the Challenges Submission page.,https://vizcom.com/challenges-submission,Challenges Submission
Why do I need to wait for my application to be approved?,Your application needs to be reviewed and verified before you can access the education resources and login instructions.,https://vizcom.com/challenges-submission,Challenges Submission
How long does it take to get approved after submitting my application?,Most applications are approved within 24-72 hours after submission.,https://vizcom.com/challenges-submission,Challenges Submission
What was the challenge about in the Reimagine the Future of Furniture: Milan Design Week?,"The challenge was to reimagine the future of the chair using Vizcom, with an intentionally open prompt to encourage bold and imaginative interpretations.",https://vizcom.com/challenges/reimagine-the-future-of-furniture-milan-design-week,Reimagine the Future of Furniture: Milan Design Week | Challenge | Vizcom
How do I submit my design for the Vizcom challenge?,"To submit your design, you need to read the challenge brief, create your concept in Vizcom, refine it, and then upload your design to share your vision with the community.",https://vizcom.com/challenges/reimagine-the-future-of-furniture-milan-design-week,Reimagine the Future of Furniture: Milan Design Week | Challenge | Vizcom
What are the judging criteria for the Vizcom challenge?,"The submissions will be evaluated based on creativity and originality (40%), design quality (30%), feasibility (20%), and alignment with the brief (10%).",https://vizcom.com/challenges/reimagine-the-future-of-furniture-milan-design-week,Reimagine the Future of Furniture: Milan Design Week | Challenge | Vizcom
Can I submit multiple designs for the challenge?,"Yes, you can submit up to 3 designs per challenge.",https://vizcom.com/challenges/reimagine-the-future-of-furniture-milan-design-week,Reimagine the Future of Furniture: Milan Design Week | Challenge | Vizcom
Do I need a paid Vizcom account to participate in the challenge?,"No, free accounts are eligible to participate, but you need to be mindful of the limits of the free plan features.",https://vizcom.com/challenges/reimagine-the-future-of-furniture-milan-design-week,Reimagine the Future of Furniture: Milan Design Week | Challenge | Vizcom
What happens to my design after I submit it?,"You retain full ownership of your design, and by submitting, you give Vizcom permission to showcase your work in connection with the challenge.",https://vizcom.com/challenges/reimagine-the-future-of-furniture-milan-design-week,Reimagine the Future of Furniture: Milan Design Week | Challenge | Vizcom
How are the winners of the challenge chosen?,"A panel of judges from Vizcom and their partners will evaluate submissions based on the judging criteria, and the decisions are final and cannot be appealed.",https://vizcom.com/challenges/reimagine-the-future-of-furniture-milan-design-week,Reimagine the Future of Furniture: Milan Design Week | Challenge | Vizcom
What do I win if my design is selected as one of the top designs?,"Your design will be manufactured and shipped to you, and you will be featured on Vizcom's website, social channels, and newsletter.",https://vizcom.com/challenges/reimagine-the-future-of-furniture-milan-design-week,Reimagine the Future of Furniture: Milan Design Week | Challenge | Vizcom
What is the Birdhouse Challenge?,"The Birdhouse Challenge is a community design challenge where designers are tasked with reimagining the birdhouse with no constraints on form, function, or style.",https://vizcom.com/challenges/the-birdhouse-challenge,The Birdhouse Challenge | Challenge | Vizcom
How do I submit my design for the Birdhouse Challenge?,"To submit your design, read the challenge brief, create your concept in Vizcom, and upload your design to share your vision with the community.",https://vizcom.com/challenges/the-birdhouse-challenge,The Birdhouse Challenge | Challenge | Vizcom
What is the difference between a free and paid Vizcom account for challenge participation?,"A free Vizcom account is eligible to participate, and it includes certain limits on features such as Image Generation, Image & Upscale Enhancement, and Background Removal.",https://vizcom.com/challenges/the-birdhouse-challenge,The Birdhouse Challenge | Challenge | Vizcom
Can Vizcom manufacture my design if I win the challenge?,"Yes, if your design wins, Vizcom will manufacture it and ship it to you, and you will also be featured on their website and social channels.",https://vizcom.com/challenges/the-birdhouse-challenge,The Birdhouse Challenge | Challenge | Vizcom
Why does Vizcom have a judging panel for the challenge?,"Vizcom has a judging panel to evaluate submissions based on criteria such as creativity, design quality, feasibility, and alignment with the brief, and to select the winning designs.",https://vizcom.com/challenges/the-birdhouse-challenge,The Birdhouse Challenge | Challenge | Vizcom
How many designs can I submit for the challenge?,You can submit up to 3 designs per challenge.,https://vizcom.com/challenges/the-birdhouse-challenge,The Birdhouse Challenge | Challenge | Vizcom
Do I retain ownership of my design after submitting it to the challenge?,"Yes, you retain full ownership of your design after submitting it, and you give Vizcom permission to showcase your work in connection with the challenge.",https://vizcom.com/challenges/the-birdhouse-challenge,The Birdhouse Challenge | Challenge | Vizcom
"What happens if I don't live in the US, can I still enter the challenge?","Yes, the challenge is open worldwide to anyone 18 or older, regardless of their location.",https://vizcom.com/challenges/the-birdhouse-challenge,The Birdhouse Challenge | Challenge | Vizcom
What is Viztober?,"Viztober is a month-long design challenge with 31 unique prompts across categories including automotive, footwear, interior, and more, inspired by Inktober.",https://vizcom.com/challenges/viztober,Viztober | Challenge | Vizcom
How do I participate in Viztober?,"To participate, read the challenge brief, create your design in Vizcom, and submit your work before the deadline.",https://vizcom.com/challenges/viztober,Viztober | Challenge | Vizcom
What is the judging criteria for Viztober submissions?,"Submissions will be evaluated based on creativity and originality, design quality, and alignment with the brief.",https://vizcom.com/challenges/viztober,Viztober | Challenge | Vizcom
Can I submit multiple designs to Viztober?,"Yes, you can submit up to 3 designs per challenge.",https://vizcom.com/challenges/viztober,Viztober | Challenge | Vizcom
Do I need a paid Vizcom account to enter Viztober?,"No, free accounts are eligible to participate, but be mindful of the feature limits.",https://vizcom.com/challenges/viztober,Viztober | Challenge | Vizcom
What happens if my design wins Viztober?,"If your design wins, it will be manufactured and shipped to you, and you'll be featured on Vizcom's website and social channels.",https://vizcom.com/challenges/viztober,Viztober | Challenge | Vizcom
Can I use my winning Viztober design in my portfolio or sell it?,"Yes, you retain all rights to your work and can use it as you like.",https://vizcom.com/challenges/viztober,Viztober | Challenge | Vizcom
How are Viztober winners chosen?,"A panel of judges from Vizcom and partners will evaluate submissions based on creativity, design quality, and alignment with the brief.",https://vizcom.com/challenges/viztober,Viztober | Challenge | Vizcom
What is the Zellerfeld Mule Design Challenge?,"The Zellerfeld Mule Design Challenge is a design competition where participants are invited to rethink the familiar form of mules, focusing on clarity of concept and considering how their design could translate to the real world.",https://vizcom.com/challenges/zellerfeld-mule-design-challenge,Zellerfeld Mule Design Challenge | Challenge | Vizcom
How do I submit my design for the challenge?,"To submit your design, you need to provide your full name, email, project name, project description, project inspiration, Zellerfeld Studio Account Email, Vizcom project file link, five final design images, and one optional animation file.",https://vizcom.com/challenges/zellerfeld-mule-design-challenge,Zellerfeld Mule Design Challenge | Challenge | Vizcom
What are the constraints for the mule design?,"The constraints for the mule design are: no boot, low-top or high-top designs, no open toe designs, must be 3D printable, no mixed material designs, and avoid cutouts on the body of the mule.",https://vizcom.com/challenges/zellerfeld-mule-design-challenge,Zellerfeld Mule Design Challenge | Challenge | Vizcom
Can I submit multiple designs for the challenge?,"Yes, you can submit up to 3 designs per challenge.",https://vizcom.com/challenges/zellerfeld-mule-design-challenge,Zellerfeld Mule Design Challenge | Challenge | Vizcom
What happens if my design wins the challenge?,"If your design wins, it will be manufactured and shipped to you, and you will be featured on the Vizcom website and social channels. You will also retain full ownership of your design.",https://vizcom.com/challenges/zellerfeld-mule-design-challenge,Zellerfeld Mule Design Challenge | Challenge | Vizcom
Do I need a paid Vizcom account to participate in the challenge?,"No, free accounts are eligible to participate in the challenge. The free plan includes certain limits on features such as image generation and background removal.",https://vizcom.com/challenges/zellerfeld-mule-design-challenge,Zellerfeld Mule Design Challenge | Challenge | Vizcom
How are the winners of the challenge chosen?,"The winners are chosen by a panel of judges from Vizcom and their partners, based on criteria such as creativity, design quality, feasibility, and alignment with the brief.",https://vizcom.com/challenges/zellerfeld-mule-design-challenge,Zellerfeld Mule Design Challenge | Challenge | Vizcom
Can I use my winning design in my portfolio or sell it?,"Yes, you retain all rights to your work and can use your winning design in your portfolio or sell it.",https://vizcom.com/challenges/zellerfeld-mule-design-challenge,Zellerfeld Mule Design Challenge | Challenge | Vizcom
What is Vizcom's stance on using customer designs for model training?,"Vizcom does not train models on customer designs. What you create in Vizcom is yours; private, protected, and never used without permission.",https://vizcom.com/data-security,"Vizcom Data & Security | SOC 2, SSO & Enterprise Data Protection"
How does Vizcom protect user data?,"Vizcom protects user data by encrypting it in transit and at rest, and conducting regular third-party audits to ensure security.",https://vizcom.com/data-security,"Vizcom Data & Security | SOC 2, SSO & Enterprise Data Protection"
What security certifications does Vizcom hold?,"Vizcom is ISO 27001, SOC 2 Type II certified, and GDPR compliant, indicating its commitment to data security and enterprise trust.",https://vizcom.com/data-security,"Vizcom Data & Security | SOC 2, SSO & Enterprise Data Protection"
Can I control team permissions in Vizcom?,"Yes, administrators in Vizcom can control team permissions at a granular level through role-based access control (RBAC).",https://vizcom.com/data-security,"Vizcom Data & Security | SOC 2, SSO & Enterprise Data Protection"
What type of encryption does Vizcom use?,"Vizcom uses AES-256 encryption in transit (TLS 1.3) and at rest, with encryption keys managed through industry-standard key management systems.",https://vizcom.com/data-security,"Vizcom Data & Security | SOC 2, SSO & Enterprise Data Protection"
How does Vizcom support secure access to its platform?,"Vizcom supports secure access through multi-factor authentication (MFA), single sign-on (SSO) with providers like Google, Microsoft, and Okta, and role-based access control (RBAC).",https://vizcom.com/data-security,"Vizcom Data & Security | SOC 2, SSO & Enterprise Data Protection"
Where is Vizcom's infrastructure hosted?,"Vizcom's infrastructure is hosted on Amazon Web Services (AWS) data centers, which are monitored 24/7 for security and performance.",https://vizcom.com/data-security,"Vizcom Data & Security | SOC 2, SSO & Enterprise Data Protection"
What should I do if I have questions about Vizcom's security practices?,"If you have questions about Vizcom's security practices, you can contact the security team or visit trust.vizcom.com for more information.",https://vizcom.com/data-security,"Vizcom Data & Security | SOC 2, SSO & Enterprise Data Protection"
What is the Vizcom Desktop App?,"The Vizcom Desktop App is a focused design experience without browser distractions, giving you Vizcom in a dedicated window — faster, cleaner, and built for your workflow.",https://vizcom.com/download,Vizcom Desktop App | Download for Mac & Windows
How do I download the Vizcom Desktop App for Mac?,You can download the Vizcom Desktop App for Mac by visiting the download page and selecting either Apple Silicon or Intel.,https://vizcom.com/download,Vizcom Desktop App | Download for Mac & Windows
What's the difference between the desktop app and web version of Vizcom?,"The desktop app provides a dedicated workspace, native feel, faster access, and integration with your desktop workflow, while the web version can be used as an alternative, with projects syncing across both versions.",https://vizcom.com/download,Vizcom Desktop App | Download for Mac & Windows
Can I use the Vizcom desktop app without an account?,"No, you'll need a Vizcom account to sign in after installation, but you can sign up for free if you don't have one.",https://vizcom.com/download,Vizcom Desktop App | Download for Mac & Windows
Is the Vizcom desktop app free to download?,"Yes, the app itself is free to download, but access depends on your Vizcom plan.",https://vizcom.com/download,Vizcom Desktop App | Download for Mac & Windows
How does the Vizcom desktop app ensure data security?,"The Vizcom desktop app uses industry-standard encryption and never accesses your files without permission, as outlined in the Privacy Policy.",https://vizcom.com/download,Vizcom Desktop App | Download for Mac & Windows
What are the system requirements for the Vizcom desktop app?,"The desktop app requires macOS 11+ or Windows 10+, and if you're on an older system, you can use Vizcom on the web.",https://vizcom.com/download,Vizcom Desktop App | Download for Mac & Windows
Can I switch between the desktop app and web version of Vizcom?,"Yes, your projects sync across both versions, so you can switch between them anytime.",https://vizcom.com/download,Vizcom Desktop App | Download for Mac & Windows
What is Vizcom and what does it do?,Vizcom is a web-based application that leverages AI to enable designers and artists to bring ideas to life faster than ever before.,https://vizcom.com/legal/privacy-policy,Privacy Policy | Vizcom
What kind of personal information does Vizcom collect from users?,"Vizcom collects contact information such as first name, last name, e-mail address, billing and mailing addresses, and phone numbers, as well as profile data, user-generated content, and other information provided by users.",https://vizcom.com/legal/privacy-policy,Privacy Policy | Vizcom
How does Vizcom use cookies and similar technologies?,"Vizcom uses cookies to capture and store users' preferences, account settings, and certain login information, compile statistics and analytics about users' interactions with the Service, and gather important functionality, testing, and performance data about the Service.",https://vizcom.com/legal/privacy-policy,Privacy Policy | Vizcom
What is the difference between first-party and third-party cookies used by Vizcom?,"First-party cookies are set by the web server of the visited page and share the same domain, while third-party cookies are stored by a different domain to the visited page's domain.",https://vizcom.com/legal/privacy-policy,Privacy Policy | Vizcom
Can Vizcom collect personal information from third-party sources?,"Yes, Vizcom may combine personal information it receives from users with personal information it obtains from other sources, such as public sources, marketing partners, and third-party services.",https://vizcom.com/legal/privacy-policy,Privacy Policy | Vizcom
"How can users access, correct, update, or delete their information on Vizcom?","Users can access, correct, update, or delete their information in their profile at their convenience.",https://vizcom.com/legal/privacy-policy,Privacy Policy | Vizcom
Does Vizcom's Privacy Policy apply to content processed on behalf of its customers?,"No, Vizcom's use of that data is governed by its customer agreements covering access to and use of the Service.",https://vizcom.com/legal/privacy-policy,Privacy Policy | Vizcom
Why does Vizcom provide notices to California and European users?,Vizcom provides these notices to inform users in these regions about additional information and rights they may have under applicable laws and regulations.,https://vizcom.com/legal/privacy-policy,Privacy Policy | Vizcom
What is Vizcom?,Vizcom is an AI design platform for product designers and creative teams that accelerates every stage of product development from concept to manufacture.,https://vizcom.com/product,"Vizcom Features | AI Rendering, Collaboration & Design Tools"
How do I turn sketches into 3D renders with Vizcom?,"You can turn line work into light, form, and texture in seconds using Vizcom's AI platform, which allows you to sketch, render, refine, and share your designs.",https://vizcom.com/product,"Vizcom Features | AI Rendering, Collaboration & Design Tools"
What's the difference between Vizcom and traditional design tools?,"Vizcom is built for how you actually design, providing real-time feedback as you draw, prompt, and edit your idea, and allowing you to generate variations and explore possibilities before committing to a design.",https://vizcom.com/product,"Vizcom Features | AI Rendering, Collaboration & Design Tools"
Can Vizcom be used for industrial design?,"Yes, Vizcom can be used for industrial design, allowing you to turn your concept into something you can hold and explore form, finish, and motion at full speed.",https://vizcom.com/product,"Vizcom Features | AI Rendering, Collaboration & Design Tools"
Why does Vizcom provide context-first design capabilities?,Vizcom provides context-first design capabilities to allow designers to see their design come to life in context by dropping a quick drawing onto any photo.,https://vizcom.com/product,"Vizcom Features | AI Rendering, Collaboration & Design Tools"
How does Vizcom support collaboration and teamwork?,"Vizcom is built to scale with your team and your goals, providing tools for collaboration and allowing designers to move fast and stay creative.",https://vizcom.com/product,"Vizcom Features | AI Rendering, Collaboration & Design Tools"
What types of products can be designed with Vizcom?,"Vizcom can be used to design a wide range of products, including furniture, automotive, consumer products, footwear, and apparel.",https://vizcom.com/product,"Vizcom Features | AI Rendering, Collaboration & Design Tools"
How can I get started with using Vizcom?,"You can get started with Vizcom by scheduling a personalized walkthrough with their team, booking a demo, or trying it out for yourself to explore what's possible for your projects.",https://vizcom.com/product,"Vizcom Features | AI Rendering, Collaboration & Design Tools"
What is Vizcom for Education?,Vizcom for Education is a program that empowers the next generation of creators with AI-powered rendering and visualization at no cost to students or educators.,https://vizcom.com/programs/educators,Vizcom for Educators | Free Access & Workspaces for Design Education
How do I qualify for Vizcom education access?,"To qualify, you must be a currently enrolled post-secondary student at an accredited institution or a post-secondary faculty/educator teaching design, with a .edu email and proof of enrollment or employment.",https://vizcom.com/programs/educators,Vizcom for Educators | Free Access & Workspaces for Design Education
What's the difference between the education license and a professional license?,"The education license is for learning and coursework, while a professional license is required for commercial use after graduation.",https://vizcom.com/programs/educators,Vizcom for Educators | Free Access & Workspaces for Design Education
Can Vizcom be used for commercial projects?,"No, the education license is for learning and coursework, but students can include their work in portfolios; for commercial use, a professional license is needed after graduation.",https://vizcom.com/programs/educators,Vizcom for Educators | Free Access & Workspaces for Design Education
How do I get started with Vizcom as an educator?,"You can apply for access, and once approved, you'll get a free Vizcom Workspace to bring students into classes and workshops, with access to tutorials, templates, and guides built specifically for education.",https://vizcom.com/programs/educators,Vizcom for Educators | Free Access & Workspaces for Design Education
Why does Vizcom offer a free education plan?,Vizcom offers a free education plan to prepare students for the future of design and to make it easy to integrate professional design tools into the curriculum without complexity or cost.,https://vizcom.com/programs/educators,Vizcom for Educators | Free Access & Workspaces for Design Education
What is included in the Vizcom Education plan?,"The Vizcom Education plan includes access to a free Vizcom Workspace, 500/month Modify Pro generations, 50/month Animations, 100/month 3D generations, and other features, with priority support for educators.",https://vizcom.com/programs/educators,Vizcom for Educators | Free Access & Workspaces for Design Education
How long does access to Vizcom Education last?,"Students have access as long as they're enrolled, with annual re-verification required to maintain access.",https://vizcom.com/programs/educators,Vizcom for Educators | Free Access & Workspaces for Design Education
What is Vizcom for Education?,Vizcom for Education is a program that provides access to Vizcom's AI design platform for students and educators.,https://vizcom.com/programs/form,Apply to Vizcom for Education
How do I apply to Vizcom for Education?,"To apply, fill out the form on the Vizcom for Education page to verify your student or educator status.",https://vizcom.com/programs/form,Apply to Vizcom for Education
What happens after I submit my application?,"After submitting your application, the Vizcom team will review your information and get back to you via email within 2-3 business days.",https://vizcom.com/programs/form,Apply to Vizcom for Education
Why do I need to verify my student or educator status?,"You need to verify your status to be eligible for Vizcom for Education, but the exact reason is not specified on the page.",https://vizcom.com/programs/form,Apply to Vizcom for Education
How long does it take to hear back from Vizcom after applying?,It takes 2-3 business days to hear back from Vizcom after applying to Vizcom for Education.,https://vizcom.com/programs/form,Apply to Vizcom for Education
What should I do if I encounter an issue while submitting the form?,"If something goes wrong while submitting the form, an error message will appear, but the page does not provide further instructions.",https://vizcom.com/programs/form,Apply to Vizcom for Education
Can I return to the homepage after submitting my application?,"Yes, you can return to the homepage after submitting your application by clicking on the 'Return to homepage' link.",https://vizcom.com/programs/form,Apply to Vizcom for Education
What is the purpose of the form on the Vizcom for Education page?,The purpose of the form is to verify your student or educator status and initiate your application to Vizcom for Education.,https://vizcom.com/programs/form,Apply to Vizcom for Education
What is Vizcom for Students?,"Vizcom for Students is a program that provides free access to professional design tools for verified students, allowing them to build their portfolio and launch their career.",https://vizcom.com/programs/students,Vizcom for Students | Free Pro Plan for Design Students
How do I claim my discount on Vizcom?,"To claim your discount, you need to verify your enrollment by signing up with your .edu email or providing proof of enrollment, such as a student ID or enrollment letter.",https://vizcom.com/programs/students,Vizcom for Students | Free Pro Plan for Design Students
What's the difference between the Vizcom Education Plan and a professional license?,"The Vizcom Education Plan is for learning and coursework, while a professional license is required for commercial use after graduation.",https://vizcom.com/programs/students,Vizcom for Students | Free Pro Plan for Design Students
Can I use Vizcom for commercial projects while I'm a student?,"No, the education license is for learning and coursework, but you can include your work in portfolios; for commercial use, you'll need a professional license after graduation.",https://vizcom.com/programs/students,Vizcom for Students | Free Pro Plan for Design Students
How long does access to the Vizcom Education Plan last?,"Students have access as long as they're enrolled, with annual re-verification required to renew their education access.",https://vizcom.com/programs/students,Vizcom for Students | Free Pro Plan for Design Students
Why does Vizcom require verification for education access?,Vizcom requires verification to ensure that only currently enrolled post-secondary students and educators at accredited institutions have access to the education plan.,https://vizcom.com/programs/students,Vizcom for Students | Free Pro Plan for Design Students
What is included in the Vizcom Education Plan?,"The Vizcom Education plan includes 500/month Modify Pro generations, 50/month Animations, 100/month 3D generations, and full access to Vizcom's features.",https://vizcom.com/programs/students,Vizcom for Students | Free Pro Plan for Design Students
How long does the verification process for Vizcom education access take?,"Most applications are approved within 24-72 hours, and having a .edu email can speed up the process.",https://vizcom.com/programs/students,Vizcom for Students | Free Pro Plan for Design Students
What is Vizcom University?,Vizcom University is a platform where users can learn Vizcom and accelerate their design process with various courses and tools.,https://vizcom.com/university,University | Vizcom
How do I get started with Vizcom?,"To get started with Vizcom, the first step is signing up and accessing your workspace, then you can explore the different lessons and courses available in Vizcom University, such as Vizcom 101.",https://vizcom.com/university,University | Vizcom
What is the difference between Studio and Workbench in Vizcom?,"Studio is where sketching and real-time rendering come together, while Workbench is where ideas expand through iteration, allowing users to navigate the infinite canvas, generate variations, and connect multiple images to influence creative outcomes.",https://vizcom.com/university,University | Vizcom
Can Vizcom be used for automotive design?,"Yes, Vizcom can be used for automotive design, as shown in the Vizcom Webinar: Accelerating the automotive design process, which covers real-world automotive use cases and best practices for using Vizcom to support fast, iterative design workflows.",https://vizcom.com/university,University | Vizcom
How do I learn about the latest updates to Vizcom Studio?,"You can learn about the latest updates to Vizcom Studio by watching the Vizcom Webinar: Studio Refresh Overview + Modify Deep Dive, which covers what’s new in the Studio Refresh and how to apply Modify effectively for faster, more precise design iteration.",https://vizcom.com/university,University | Vizcom
What is the purpose of the Workspace Overview lesson in Vizcom University?,"The Workspace Overview lesson helps users get oriented with their Vizcom workspace, understanding the layout and structure to collaborate or work solo efficiently.",https://vizcom.com/university,University | Vizcom
Why is it important to understand the creative interface in Vizcom?,"Understanding the creative interface in Vizcom, including the two workspaces Studio and Workbench, ensures users are set up to collaborate or work solo efficiently and effectively use the platform's creative tools.",https://vizcom.com/university,University | Vizcom
How can I stay up to date with new courses and tool tips in Vizcom University?,"You can stay up to date with new courses, videos, tool tips, and more in Vizcom University by getting notified when new content goes live, by submitting your information to receive updates.",https://vizcom.com/university,University | Vizcom
What is Vizcom University?,"Vizcom University appears to be a resource for learning about Vizcom, offering courses, webinars, and other educational content to help users get the most out of the platform.",https://vizcom.com/university-categories/best-practices,Best practices | Vizcom University
What is the Vizcom 101 course about?,"The Vizcom 101 course is a foundational course designed to help users learn the essentials of sketching, rendering, and iterating with Vizcom.",https://vizcom.com/university-categories/best-practices,Best practices | Vizcom University
How can I stay up to date with new Vizcom University content?,"You can stay up to date with new courses, videos, tool tips, and more by submitting your information to receive notifications when new content goes live.",https://vizcom.com/university-categories/best-practices,Best practices | Vizcom University
What is the Vizcom Webinar: Studio Refresh Overview + Modify Deep Dive about?,"The Vizcom Webinar: Studio Refresh Overview + Modify Deep Dive covers the latest updates to Vizcom Studio, including how to use Modify effectively for faster, more precise design iteration.",https://vizcom.com/university-categories/best-practices,Best practices | Vizcom University
Can I access Vizcom webinars on-demand?,"Yes, the Vizcom Webinar: Studio Refresh Overview + Modify Deep Dive is available on-demand, allowing users to watch it at their convenience.",https://vizcom.com/university-categories/best-practices,Best practices | Vizcom University
Why are the changes in the Studio Refresh important?,"The changes in the Studio Refresh matter because they enable faster, more precise design iteration, although the exact reasons are further explained in the webinar.",https://vizcom.com/university-categories/best-practices,Best practices | Vizcom University
How do I get started with learning Vizcom?,"You can get started with learning Vizcom by taking the Vizcom 101 course, which covers the essentials of sketching, rendering, and iterating with the platform.",https://vizcom.com/university-categories/best-practices,Best practices | Vizcom University
What is the purpose of the Modify feature in Vizcom?,"The Modify feature in Vizcom is used for faster, more precise design iteration, and its effective application is covered in the Vizcom Webinar: Studio Refresh Overview + Modify Deep Dive.",https://vizcom.com/university-categories/best-practices,Best practices | Vizcom University
What is Vizcom 101?,"Vizcom 101 is a foundational course designed to help users learn the essentials of sketching, rendering, and iterating with Vizcom.",https://vizcom.com/university-categories/deep-dives,Feature deep dives | Vizcom University
How do I learn about the latest updates to Vizcom Studio?,You can learn about the latest updates to Vizcom Studio by watching the on-demand webinar 'Vizcom Webinar: Studio Refresh Overview + Modify Deep Dive'.,https://vizcom.com/university-categories/deep-dives,Feature deep dives | Vizcom University
What is the Vizcom Webinar: Accelerating the automotive design process about?,"The Vizcom Webinar: Accelerating the automotive design process explores the latest automotive exterior and interior design workflows in Vizcom, covering real-world use cases, live demos, and best practices for using Vizcom to support fast, iterative design workflows.",https://vizcom.com/university-categories/deep-dives,Feature deep dives | Vizcom University
Can I get notified when new courses and videos are added to Vizcom University?,"Yes, you can get notified when new courses, videos, tool tips, and more go live by submitting your information to stay up to date with Vizcom University.",https://vizcom.com/university-categories/deep-dives,Feature deep dives | Vizcom University
What is the purpose of the Modify feature in Vizcom?,"The Modify feature in Vizcom is used for faster, more precise design iteration, and can be learned about in more detail through the 'Vizcom Webinar: Studio Refresh Overview + Modify Deep Dive' webinar.",https://vizcom.com/university-categories/deep-dives,Feature deep dives | Vizcom University
What type of content can I find in Vizcom University?,"Vizcom University contains a variety of content including courses, guided workflows, best practices, and webinars to help users learn and improve their skills with Vizcom.",https://vizcom.com/university-categories/deep-dives,Feature deep dives | Vizcom University
How do I get started with learning Vizcom?,"You can get started with learning Vizcom by taking the foundational course 'Vizcom 101' or exploring the other resources available in Vizcom University, such as guided workflows and best practices.",https://vizcom.com/university-categories/deep-dives,Feature deep dives | Vizcom University
What is the difference between Vizcom 101 and the webinars offered in Vizcom University?,"Vizcom 101 is a foundational course that teaches the essentials of sketching, rendering, and iterating with Vizcom, while the webinars, such as 'Vizcom Webinar: Accelerating the automotive design process', provide more in-depth information on specific topics and use cases.",https://vizcom.com/university-categories/deep-dives,Feature deep dives | Vizcom University
What is design exploration in Vizcom?,"Design exploration in Vizcom refers to a foundational course that helps users learn the essentials of sketching, rendering, and iterating with the platform.",https://vizcom.com/university-categories/design-exploration,Design exploration | Vizcom University
How do I get started with design exploration in Vizcom?,"To get started with design exploration in Vizcom, you can take the Vizcom 101 course, which is a foundational course designed to help users learn the essentials of the platform.",https://vizcom.com/university-categories/design-exploration,Design exploration | Vizcom University
What topics are covered in the Vizcom Webinar: Accelerating the automotive design process?,"The Vizcom Webinar: Accelerating the automotive design process covers real-world automotive use cases, live exterior and interior design demos, and best practices for using Vizcom to support fast, iterative design workflows.",https://vizcom.com/university-categories/design-exploration,Design exploration | Vizcom University
Can Vizcom support fast and iterative design workflows for automotive design?,"Yes, Vizcom can support fast and iterative design workflows for automotive design, as demonstrated in the Vizcom Webinar: Accelerating the automotive design process.",https://vizcom.com/university-categories/design-exploration,Design exploration | Vizcom University
What is the purpose of the Vizcom Webinar: Studio Refresh Overview + Modify Deep Dive?,The purpose of the Vizcom Webinar: Studio Refresh Overview + Modify Deep Dive is to explore the latest updates to Vizcom Studio and teach users how to use Modify with confidence in real design workflows.,https://vizcom.com/university-categories/design-exploration,Design exploration | Vizcom University
How can I stay up to date with new content on Vizcom University?,"You can stay up to date with new content on Vizcom University by submitting your information to receive notifications when new courses, videos, tool tips, and more go live.",https://vizcom.com/university-categories/design-exploration,Design exploration | Vizcom University
What is the Vizcom 101 course?,"The Vizcom 101 course is a foundational course designed to help users learn the essentials of sketching, rendering, and iterating with Vizcom.",https://vizcom.com/university-categories/design-exploration,Design exploration | Vizcom University
Why are webinars offered on the Vizcom University platform?,"Webinars are offered on the Vizcom University platform to provide users with in-depth information and demonstrations on specific topics, such as automotive design and Vizcom Studio updates.",https://vizcom.com/university-categories/design-exploration,Design exploration | Vizcom University
What is Vizcom 101?,"Vizcom 101 is a foundational course designed to help you learn the essentials of sketching, rendering, and iterating with Vizcom.",https://vizcom.com/university-categories/getting-started,Getting started  | Vizcom University
How do I get started with Vizcom?,"To get started with Vizcom, you can take the Vizcom 101 course, which covers the essentials of sketching, rendering, and iterating with Vizcom.",https://vizcom.com/university-categories/getting-started,Getting started  | Vizcom University
What type of content is available on Vizcom University?,"Vizcom University offers courses, guided workflows, best practices, design exploration, and feature deep dives to help users learn and improve their skills.",https://vizcom.com/university-categories/getting-started,Getting started  | Vizcom University
Can I stay updated with new content on Vizcom University?,"Yes, you can stay updated with new content on Vizcom University by submitting a form to get notified when new courses, videos, tool tips, and more go live.",https://vizcom.com/university-categories/getting-started,Getting started  | Vizcom University
What is the purpose of the Vizcom 101 course?,"The purpose of the Vizcom 101 course is to help users learn the essentials of sketching, rendering, and iterating with Vizcom, providing a foundational understanding of the platform.",https://vizcom.com/university-categories/getting-started,Getting started  | Vizcom University
How can I learn about new features in Vizcom?,You can learn about new features in Vizcom through feature deep dives and other content available on Vizcom University.,https://vizcom.com/university-categories/getting-started,Getting started  | Vizcom University
What is the difference between Vizcom University and other learning resources?,"Vizcom University is a dedicated platform for learning Vizcom, offering a range of content including courses, guided workflows, and best practices specifically designed for Vizcom users.",https://vizcom.com/university-categories/getting-started,Getting started  | Vizcom University
Why should I use Vizcom University to learn Vizcom?,"You should use Vizcom University to learn Vizcom because it provides a comprehensive and structured approach to learning the platform, helping you to get the most out of its features and capabilities.",https://vizcom.com/university-categories/getting-started,Getting started  | Vizcom University
What is Vizcom 101?,"Vizcom 101 is a foundational course designed to help users learn the essentials of sketching, rendering, and iterating with Vizcom.",https://vizcom.com/university-categories/guided-workflows,Guided workflows | Vizcom University
How do I get started with Vizcom?,"To get started with Vizcom, users can take the 'Getting started' course available on Vizcom University.",https://vizcom.com/university-categories/guided-workflows,Guided workflows | Vizcom University
What is covered in the Vizcom Webinar: Accelerating the automotive design process?,"The Vizcom Webinar: Accelerating the automotive design process covers real-world automotive use cases, live exterior and interior design demos, and best practices for using Vizcom to support fast, iterative design workflows.",https://vizcom.com/university-categories/guided-workflows,Guided workflows | Vizcom University
Can I learn about the latest updates to Vizcom Studio?,"Yes, users can learn about the latest updates to Vizcom Studio through the Vizcom Webinar: Studio Refresh Overview + Modify Deep Dive.",https://vizcom.com/university-categories/guided-workflows,Guided workflows | Vizcom University
What is the purpose of the 'Modify' feature in Vizcom?,"The 'Modify' feature in Vizcom is used for faster, more precise design iteration, and its effective application is covered in the Vizcom Webinar: Studio Refresh Overview + Modify Deep Dive.",https://vizcom.com/university-categories/guided-workflows,Guided workflows | Vizcom University
How can I stay up to date with new content on Vizcom University?,"Users can stay up to date with new content on Vizcom University by submitting their information to receive notifications when new courses, videos, tool tips, and more go live.",https://vizcom.com/university-categories/guided-workflows,Guided workflows | Vizcom University
What type of design workflows are covered in the guided workflows course?,"The guided workflows course covers design exploration, feature deep dives, and best practices for using Vizcom.",https://vizcom.com/university-categories/guided-workflows,Guided workflows | Vizcom University
Why are webinars useful for Vizcom users?,"Webinars are useful for Vizcom users as they provide real-world use cases, live design demos, and best practices for using Vizcom to support fast, iterative design workflows, helping users to learn and improve their design skills.",https://vizcom.com/university-categories/guided-workflows,Guided workflows | Vizcom University
What can I find in the Individuals category of Vizcom University?,"The Individuals category of Vizcom University contains courses and webinars, but currently, no items are available in these sections.",https://vizcom.com/university-categories/individuals,Individuals | Vizcom University
How do I stay updated with new content on Vizcom University?,"You can stay up to date with Vizcom University by submitting a form to get notified when new courses, videos, tool tips, and more go live.",https://vizcom.com/university-categories/individuals,Individuals | Vizcom University
What is Vizcom University?,"Vizcom University appears to be a learning platform or resource section, specifically the Individuals category is dedicated to providing content for individual users.",https://vizcom.com/university-categories/individuals,Individuals | Vizcom University
Can I currently enroll in courses on Vizcom University under the Individuals category?,"No, currently, there are no courses available under the Individuals category on Vizcom University.",https://vizcom.com/university-categories/individuals,Individuals | Vizcom University
What's the difference between courses and webinars on Vizcom University?,"The content does not explicitly state the difference, but typically, courses are more in-depth, while webinars are more like seminars or workshops, however, both sections are currently empty.",https://vizcom.com/university-categories/individuals,Individuals | Vizcom University
How do I know if my submission to stay updated was successful?,"If your submission was successful, you will see a 'Thank you! Your submission has been received!' message, otherwise, you might see an error message saying 'Oops! Something went wrong while submitting the form.'",https://vizcom.com/university-categories/individuals,Individuals | Vizcom University
Why should I stay updated with Vizcom University?,"Staying updated with Vizcom University allows you to be notified about new learning resources such as courses, videos, and tool tips as they become available.",https://vizcom.com/university-categories/individuals,Individuals | Vizcom University
Can Vizcom University notify me about new tool tips?,"Yes, Vizcom University can notify you about new tool tips, along with new courses, videos, and other content, if you submit a form to stay updated.",https://vizcom.com/university-categories/individuals,Individuals | Vizcom University
What is Vizcom University?,Vizcom University is a resource that offers courses to help users learn and master the Vizcom design platform.,https://vizcom.com/university/courses,Courses | Vizcom
How do I get started with Vizcom?,"You can get started with Vizcom by taking the Vizcom 101 course, which covers the essentials of sketching, rendering, and iterating with Vizcom.",https://vizcom.com/university/courses,Courses | Vizcom
What topics are covered in Vizcom 101?,"Vizcom 101 covers the essentials of sketching, rendering, and iterating with Vizcom, including guided workflows, best practices, and design exploration.",https://vizcom.com/university/courses,Courses | Vizcom
Can I stay up to date with new Vizcom courses and content?,"Yes, you can stay up to date with new Vizcom courses, videos, tool tips, and more by submitting your information to receive notifications from Vizcom University.",https://vizcom.com/university/courses,Courses | Vizcom
What is the purpose of Vizcom University?,"The purpose of Vizcom University is to help users learn and master the Vizcom design platform, transforming the way they work and accelerating their design process.",https://vizcom.com/university/courses,Courses | Vizcom
How do I learn the basics of Vizcom?,"You can learn the basics of Vizcom by taking the Vizcom 101 course, which is a foundational course designed to help you learn the essentials of Vizcom.",https://vizcom.com/university/courses,Courses | Vizcom
What's the difference between Vizcom 101 and other courses?,"Vizcom 101 is a foundational course that covers the essentials of Vizcom, while other courses may cover more advanced topics or specific features of the platform.",https://vizcom.com/university/courses,Courses | Vizcom
Why should I use Vizcom University?,"You should use Vizcom University to learn Vizcom and accelerate your design process, allowing you to design faster, iterate smarter, and bring concepts to life with clarity.",https://vizcom.com/university/courses,Courses | Vizcom
What is Vizcom 101?,"Vizcom 101 is a foundational course designed to help users learn the essentials of sketching, rendering, and iterating with Vizcom.",https://vizcom.com/university/courses/vizcom-101,Vizcom 101 - Vizcom University Course
How do I get started with Vizcom?,"You can get started with Vizcom by taking the Vizcom 101 course, which covers guided workflows, best practices, and design exploration.",https://vizcom.com/university/courses/vizcom-101,Vizcom 101 - Vizcom University Course
What will I learn in the Vizcom 101 course?,"In the Vizcom 101 course, you'll learn how to set up your account, workspace, and teams, navigate Vizcom's interface and core tools, and sketch, render, and iterate on designs.",https://vizcom.com/university/courses/vizcom-101,Vizcom 101 - Vizcom University Course
Can Vizcom be used for collaboration?,"Yes, Vizcom can be used for collaboration, and the Vizcom 101 course covers best practices for faster iteration, file management, and collaboration.",https://vizcom.com/university/courses/vizcom-101,Vizcom 101 - Vizcom University Course
What is the Workbench in Vizcom?,"The Workbench in Vizcom is a tool that allows users to explore variations and animation, as covered in the Vizcom 101 course.",https://vizcom.com/university/courses/vizcom-101,Vizcom 101 - Vizcom University Course
How do I stay up to date with new courses and resources on Vizcom University?,"You can stay up to date with new courses, videos, tool tips, and more on Vizcom University by submitting your information to receive notifications.",https://vizcom.com/university/courses/vizcom-101,Vizcom 101 - Vizcom University Course
What is the outcome of taking the Vizcom 101 course?,"By the end of the Vizcom 101 course, you'll be fully set up to start using Vizcom with confidence, whether you're working solo or as part of a team.",https://vizcom.com/university/courses/vizcom-101,Vizcom 101 - Vizcom University Course
What topics are covered in the Vizcom 101 course table of contents?,"The Vizcom 101 course table of contents covers topics such as creating your account, workspace overview, creative interface, sketch exploration, rendering sketches, and more.",https://vizcom.com/university/courses/vizcom-101,Vizcom 101 - Vizcom University Course
What is the topic of the lesson in Vizcom 101?,"The topic of the lesson in Vizcom 101 is Animation, which teaches how to bring designs to life with animation in Vizcom.",https://vizcom.com/university/lessons/animation,Animation - Vizcom 101 | Vizcom University
How do I get started with animation in Vizcom?,"To get started with animation in Vizcom, you can start by watching the video that walks through animating a single image using natural language prompts, applying camera movement presets, and building frame-to-frame animations.",https://vizcom.com/university/lessons/animation,Animation - Vizcom 101 | Vizcom University
What is covered in the Vizcom 101 course?,"The Vizcom 101 course covers various topics including guided workflows, best practices, design exploration, and feature deep dives, with a total of 17 lessons.",https://vizcom.com/university/lessons/animation,Animation - Vizcom 101 | Vizcom University
Can Vizcom be used for cinematic storytelling?,"Yes, Vizcom can be used for cinematic storytelling by applying camera movement presets.",https://vizcom.com/university/lessons/animation,Animation - Vizcom 101 | Vizcom University
What is the difference between frame-to-frame animations and single image animations in Vizcom?,"Frame-to-frame animations in Vizcom involve building animations using multiple images, whereas single image animations involve animating a single image using natural language prompts.",https://vizcom.com/university/lessons/animation,Animation - Vizcom 101 | Vizcom University
How many lessons are there in the Vizcom 101 course?,"There are 17 lessons in the Vizcom 101 course, covering topics from creating an account to exporting and upscaling.",https://vizcom.com/university/lessons/animation,Animation - Vizcom 101 | Vizcom University
Why should I stay up to date with Vizcom University?,"You should stay up to date with Vizcom University to get notified when new courses, videos, tool tips, and more go live, which can help you improve your skills and knowledge in using Vizcom.",https://vizcom.com/university/lessons/animation,Animation - Vizcom 101 | Vizcom University
What is the purpose of the video in the Animation lesson of Vizcom 101?,The purpose of the video in the Animation lesson of Vizcom 101 is to teach how to bring designs to life with animation in Vizcom by walking through animating a single image and building frame-to-frame animations.,https://vizcom.com/university/lessons/animation,Animation - Vizcom 101 | Vizcom University
What is the topic of the lesson in Vizcom 101?,"The topic of the lesson in Vizcom 101 is Color Variation, which covers how to use Vizcom’s Color Variation tools for color exploration.",https://vizcom.com/university/lessons/color-variation,Color Variation - Vizcom 101 | Vizcom University
How do I learn about color exploration in Vizcom?,"You can learn about color exploration in Vizcom through the video in the Color Variation lesson, which shows how to generate new palette directions, browse and apply preset palettes, and build a reusable color library.",https://vizcom.com/university/lessons/color-variation,Color Variation - Vizcom 101 | Vizcom University
What is the purpose of the Color Variation tools in Vizcom?,"The Color Variation tools in Vizcom are used for color exploration, allowing users to generate new palette directions, browse and apply preset palettes, and build a reusable color library to maintain consistency across projects.",https://vizcom.com/university/lessons/color-variation,Color Variation - Vizcom 101 | Vizcom University
Can Vizcom help maintain consistency across projects?,"Yes, Vizcom can help maintain consistency across projects by allowing users to build a reusable color library through its Color Variation tools.",https://vizcom.com/university/lessons/color-variation,Color Variation - Vizcom 101 | Vizcom University
Why should I take the Color Variation lesson in Vizcom 101?,You should take the Color Variation lesson in Vizcom 101 to learn how to use Vizcom’s Color Variation tools for color exploration and to maintain consistency across projects.,https://vizcom.com/university/lessons/color-variation,Color Variation - Vizcom 101 | Vizcom University
What is Vizcom University?,"Vizcom University appears to be a resource for learning about Vizcom, offering courses, videos, and other educational content, including the Vizcom 101 course.",https://vizcom.com/university/lessons/color-variation,Color Variation - Vizcom 101 | Vizcom University
How can I stay up to date with new courses and content on Vizcom University?,"You can stay up to date with new courses and content on Vizcom University by submitting your information to receive notifications when new courses, videos, tool tips, and more go live.",https://vizcom.com/university/lessons/color-variation,Color Variation - Vizcom 101 | Vizcom University
What is the Vizcom 101 course?,"The Vizcom 101 course is a series of lessons that cover various topics, including Color Variation, and is part of Vizcom University, aiming to teach users about the platform's features and capabilities.",https://vizcom.com/university/lessons/color-variation,Color Variation - Vizcom 101 | Vizcom University
What is the first step to unlock all of Vizcom’s creative tools?,The first step is signing up and accessing your workspace.,https://vizcom.com/university/lessons/creating-your-account,Creating your account - Vizcom 101 | Vizcom University
Why do I need to create an account on Vizcom?,"You need to create an account to have a home base where you can explore freely, stay organized, and collaborate with others.",https://vizcom.com/university/lessons/creating-your-account,Creating your account - Vizcom 101 | Vizcom University
What is included in the Vizcom 101 course?,"The Vizcom 101 course includes 17 lessons covering topics such as creating your account, workspace overview, creative interface, and more.",https://vizcom.com/university/lessons/creating-your-account,Creating your account - Vizcom 101 | Vizcom University
Can I collaborate with others on Vizcom?,"Yes, Vizcom allows you to collaborate with others once you have created your account and accessed your workspace.",https://vizcom.com/university/lessons/creating-your-account,Creating your account - Vizcom 101 | Vizcom University
How do I get started with Vizcom?,"To get started with Vizcom, you need to sign up and create your account, then you can access the Vizcom 101 course for guided workflows and best practices.",https://vizcom.com/university/lessons/creating-your-account,Creating your account - Vizcom 101 | Vizcom University
What is the purpose of the Vizcom University?,"The purpose of Vizcom University is to provide courses, videos, tool tips, and more to help users learn and stay up to date with Vizcom's features and capabilities.",https://vizcom.com/university/lessons/creating-your-account,Creating your account - Vizcom 101 | Vizcom University
How can I stay up to date with new courses and features on Vizcom University?,You can stay up to date with new courses and features on Vizcom University by submitting your information to receive notifications when new content goes live.,https://vizcom.com/university/lessons/creating-your-account,Creating your account - Vizcom 101 | Vizcom University
What is the Vizcom 101 course part of?,"The Vizcom 101 course is part of Vizcom University, which offers various lessons and courses to help users get started with Vizcom.",https://vizcom.com/university/lessons/creating-your-account,Creating your account - Vizcom 101 | Vizcom University
What is the topic of the Exporting & Upscaling lesson in Vizcom University?,The topic of the Exporting & Upscaling lesson in Vizcom University is how to polish and export designs in Vizcom using the Adjust and Enhance tools.,https://vizcom.com/university/lessons/exporting-upscaling,Exporting & Upscaling - Vizcom 101 | Vizcom University
What tools are used to polish and export designs in Vizcom?,The Adjust and Enhance tools are used to polish and export designs in Vizcom.,https://vizcom.com/university/lessons/exporting-upscaling,Exporting & Upscaling - Vizcom 101 | Vizcom University
How do I get started with learning about Exporting & Upscaling in Vizcom University?,"You can get started by watching the video that walks through fine-tuning light and color before export, adding clarity and definition with Enhance, and exporting upscaled images for high-resolution use.",https://vizcom.com/university/lessons/exporting-upscaling,Exporting & Upscaling - Vizcom 101 | Vizcom University
What is the purpose of the Enhance tool in Vizcom?,The Enhance tool is used to add clarity and definition to designs in Vizcom before export.,https://vizcom.com/university/lessons/exporting-upscaling,Exporting & Upscaling - Vizcom 101 | Vizcom University
Can Vizcom be used to export upscaled images for high-resolution use?,"Yes, Vizcom can be used to export upscaled images for high-resolution use.",https://vizcom.com/university/lessons/exporting-upscaling,Exporting & Upscaling - Vizcom 101 | Vizcom University
What is Vizcom University?,"Vizcom University appears to be a learning platform that offers courses, videos, and tool tips to help users learn about Vizcom.",https://vizcom.com/university/lessons/exporting-upscaling,Exporting & Upscaling - Vizcom 101 | Vizcom University
How can I stay up to date with new courses and content on Vizcom University?,You can stay up to date with new courses and content on Vizcom University by submitting your information to get notified when new content goes live.,https://vizcom.com/university/lessons/exporting-upscaling,Exporting & Upscaling - Vizcom 101 | Vizcom University
What is the Exporting & Upscaling lesson a part of in Vizcom University?,The Exporting & Upscaling lesson is part of Vizcom 101 in Vizcom University.,https://vizcom.com/university/lessons/exporting-upscaling,Exporting & Upscaling - Vizcom 101 | Vizcom University
What is the Form Variation tool in Vizcom?,"The Form Variation tool in Vizcom supports creative exploration, allowing users to adjust sliders and presets to generate distinct shape outcomes and dramatically shift a product’s form and expression using creative descriptors.",https://vizcom.com/university/lessons/form-variation,Form Variation - Vizcom 101 | Vizcom University
How do I get started with Form Variation in Vizcom?,"To get started with Form Variation, users can take the Vizcom 101 course, which includes a lesson specifically on Form Variation, as well as other lessons on getting started with the platform.",https://vizcom.com/university/lessons/form-variation,Form Variation - Vizcom 101 | Vizcom University
What's the difference between Form Variation and Color Variation in Vizcom?,"Form Variation and Color Variation are two separate tools in Vizcom, with Form Variation focusing on adjusting the shape and form of a product, and Color Variation focusing on adjusting the color of a product.",https://vizcom.com/university/lessons/form-variation,Form Variation - Vizcom 101 | Vizcom University
Can Vizcom be used for design exploration?,"Yes, Vizcom can be used for design exploration, with tools like Form Variation and Sketch Exploration supporting the creative process.",https://vizcom.com/university/lessons/form-variation,Form Variation - Vizcom 101 | Vizcom University
Why does Vizcom University include a lesson on Form Variation?,Vizcom University includes a lesson on Form Variation to help users understand how to use the tool to support their creative exploration and product design work.,https://vizcom.com/university/lessons/form-variation,Form Variation - Vizcom 101 | Vizcom University
How do I access the Form Variation tool in Vizcom?,"The Form Variation tool can be accessed through the Vizcom 101 course, which includes a lesson on Form Variation, as well as other lessons on getting started with the platform and using its various tools.",https://vizcom.com/university/lessons/form-variation,Form Variation - Vizcom 101 | Vizcom University
What is Vizcom 101?,"Vizcom 101 is a course offered by Vizcom University that covers the basics of using the Vizcom platform, including lessons on Form Variation, Workspace Overview, and Creative Interface.",https://vizcom.com/university/lessons/form-variation,Form Variation - Vizcom 101 | Vizcom University
How can I stay up to date with new courses and tool tips in Vizcom University?,"Users can stay up to date with new courses, videos, tool tips, and more in Vizcom University by signing up for notifications on the Vizcom University webpage.",https://vizcom.com/university/lessons/form-variation,Form Variation - Vizcom 101 | Vizcom University
What is the main topic of the Vizcom 101 course?,"The main topic of the Vizcom 101 course is learning how to use Vizcom, including generating 3D models and other design exploration tools.",https://vizcom.com/university/lessons/generating-3d-in-vizcom,Generating 3D in Vizcom  - Vizcom 101 | Vizcom University
How do I get started with generating 3D models in Vizcom?,"To get started with generating 3D models in Vizcom, you can start with a single sketch or render and combine multiple views for greater accuracy, as shown in the Generating 3D in Vizcom lesson.",https://vizcom.com/university/lessons/generating-3d-in-vizcom,Generating 3D in Vizcom  - Vizcom 101 | Vizcom University
What is the difference between the Creative Interface and the Workbench Exploration in Vizcom?,"The content does not provide a direct comparison, but the Creative Interface and Workbench Exploration are separate lessons in the Vizcom 101 course, suggesting they serve distinct purposes in the design process.",https://vizcom.com/university/lessons/generating-3d-in-vizcom,Generating 3D in Vizcom  - Vizcom 101 | Vizcom University
Can Vizcom be used for collaboration?,"Yes, Vizcom can be used for collaboration, as it allows users to export their 3D models in various formats for review and collaboration.",https://vizcom.com/university/lessons/generating-3d-in-vizcom,Generating 3D in Vizcom  - Vizcom 101 | Vizcom University
Why does Vizcom University offer a course on generating 3D models?,"Vizcom University offers a course on generating 3D models to help users learn how to effectively use Vizcom's design tools and features, such as starting from a single sketch or render and combining multiple views.",https://vizcom.com/university/lessons/generating-3d-in-vizcom,Generating 3D in Vizcom  - Vizcom 101 | Vizcom University
How do I export my 3D model in Vizcom?,"The lesson on Generating 3D in Vizcom walks through exporting your 3D model in various formats for review, collaboration, or prototyping, and there is also a separate lesson on Exporting & Upscaling.",https://vizcom.com/university/lessons/generating-3d-in-vizcom,Generating 3D in Vizcom  - Vizcom 101 | Vizcom University
What is the purpose of the Workspace Overview lesson in Vizcom 101?,"The purpose of the Workspace Overview lesson is to introduce users to the Vizcom workspace, although the content does not provide further details on what is covered in this lesson.",https://vizcom.com/university/lessons/generating-3d-in-vizcom,Generating 3D in Vizcom  - Vizcom 101 | Vizcom University
What types of content can I expect from Vizcom University?,"Vizcom University offers courses, videos, tool tips, and more, including the Vizcom 101 course which covers topics such as generating 3D models and design exploration.",https://vizcom.com/university/lessons/generating-3d-in-vizcom,Generating 3D in Vizcom  - Vizcom 101 | Vizcom University
